{"cameraMode":{"drawMode":0,"name":"Shaded","section":"Shading Mode"},"sceneLighting":true,"audioPlay":false,"sceneViewState":{"showFog":true,"showMaterialUpdate":false,"showSkybox":true,"showFlares":true,"showImageEffects":true,"showParticleSystems":true},"in2DMode":false,"pivot":{"x":-5.816442012786865,"y":-15.632108688354493,"z":19.2405948638916},"rotation":{"x":0.3727837800979614,"y":0.09883143752813339,"z":-0.03996716067194939,"w":0.9217775464057922},"size":17.779159545898439,"orthographic":false}